Feature,p_value
ATSc4,0.0028617563165129656
ATSc3,0.003758412046960856
nsssN,0.012441404330915742
SsssN,0.012540286070667544
SHBint2,0.01588487302181383
MDEN-33,0.01740243028363609
nHBint2,0.017531664122406424
MDEN-23,0.029344693427506945
SdssC,0.035768196089587694
ndO,0.03586819319528412
maxHBint10,0.04058101876869368
SdO,0.04146869007640524
nHBint10,0.04338264836592958
SssS,0.04476791716853247
WTPT-5,0.048281348758996596
VCH-4,0.04987885506306312
